page,canonical,preferred_image,og_image,twitter_image,jsonld_images,first_visible_image,first_visible_alt,issues
/articles/how-to-prevent-catastrophic-ai-risk.html,https://couldaikillusall.com/articles/how-to-prevent-catastrophic-ai-risk,https://couldaikillusall.com/assets/articles/how-to-prevent-catastrophic-ai-risk-1600x900.webp,https://couldaikillusall.com/assets/articles/how-to-prevent-catastrophic-ai-risk-1600x900.webp,https://couldaikillusall.com/assets/articles/how-to-prevent-catastrophic-ai-risk-1600x900.webp,https://couldaikillusall.com/assets/articles/how-to-prevent-catastrophic-ai-risk-1200x1200.webp|https://couldaikillusall.com/assets/articles/how-to-prevent-catastrophic-ai-risk-1200x900.webp|https://couldaikillusall.com/assets/articles/how-to-prevent-catastrophic-ai-risk-1600x900.webp,/assets/articles/how-to-prevent-catastrophic-ai-risk-1600x900.webp,"Multiple protective layers surrounding an AI system and Earth, representing defense-in-depth for catastrophic AI risk management.",
/articles/ai-biosecurity-risks.html,https://couldaikillusall.com/articles/ai-biosecurity-risks,https://couldaikillusall.com/assets/articles/ai-biosecurity-risks-1600x900.webp,https://couldaikillusall.com/assets/articles/ai-biosecurity-risks-1600x900.webp,https://couldaikillusall.com/assets/articles/ai-biosecurity-risks-1600x900.webp,https://couldaikillusall.com/assets/articles/ai-biosecurity-risks-1200x1200.webp|https://couldaikillusall.com/assets/articles/ai-biosecurity-risks-1200x900.webp|https://couldaikillusall.com/assets/articles/ai-biosecurity-risks-1600x900.webp,/assets/articles/ai-biosecurity-risks-1600x900.webp,"A DNA helix integrated with an abstract AI circuit and a protective containment symbol, illustrating dual-use biosecurity risk without depicting harmful procedures.",
/articles/is-ai-conscious-sentient.html,https://couldaikillusall.com/articles/is-ai-conscious-sentient,https://couldaikillusall.com/assets/articles/is-ai-conscious-sentient-1600x900.webp,https://couldaikillusall.com/assets/articles/is-ai-conscious-sentient-1600x900.webp,https://couldaikillusall.com/assets/articles/is-ai-conscious-sentient-1600x900.webp,https://couldaikillusall.com/assets/articles/is-ai-conscious-sentient-1200x1200.webp|https://couldaikillusall.com/assets/articles/is-ai-conscious-sentient-1200x900.webp|https://couldaikillusall.com/assets/articles/is-ai-conscious-sentient-1600x900.webp,/assets/articles/is-ai-conscious-sentient-1600x900.webp,"An abstract artificial intelligence profile facing a luminous field of neural and cosmic patterns, illustrating the unresolved question of machine consciousness.",
/articles/could-ai-kill-us-all.html,https://couldaikillusall.com/articles/could-ai-kill-us-all,https://couldaikillusall.com/assets/articles/could-ai-kill-us-all-1600x900.webp,https://couldaikillusall.com/assets/articles/could-ai-kill-us-all-1600x900.webp,https://couldaikillusall.com/assets/articles/could-ai-kill-us-all-1600x900.webp,https://couldaikillusall.com/assets/articles/could-ai-kill-us-all-1200x1200.webp|https://couldaikillusall.com/assets/articles/could-ai-kill-us-all-1200x900.webp|https://couldaikillusall.com/assets/articles/could-ai-kill-us-all-1600x900.webp,/assets/articles/could-ai-kill-us-all-1600x900.webp,"Editorial illustration of Earth between a human silhouette and an abstract artificial intelligence network, representing humanity weighing advanced AI risk.",
/articles/how-could-ai-kill-humanity.html,https://couldaikillusall.com/articles/how-could-ai-kill-humanity,https://couldaikillusall.com/assets/articles/how-could-ai-kill-humanity-1600x900.webp,https://couldaikillusall.com/assets/articles/how-could-ai-kill-humanity-1600x900.webp,https://couldaikillusall.com/assets/articles/how-could-ai-kill-humanity-1600x900.webp,https://couldaikillusall.com/assets/articles/how-could-ai-kill-humanity-1200x1200.webp|https://couldaikillusall.com/assets/articles/how-could-ai-kill-humanity-1200x900.webp|https://couldaikillusall.com/assets/articles/how-could-ai-kill-humanity-1600x900.webp,/assets/articles/how-could-ai-kill-humanity-1600x900.webp,"Illustrated branching risk map flowing from an AI core toward cyber, biological, infrastructure, military, and control hazards around the globe.",
/articles/ai-alignment-problem-explained.html,https://couldaikillusall.com/articles/ai-alignment-problem-explained,https://couldaikillusall.com/assets/articles/ai-alignment-problem-explained-1600x900.webp,https://couldaikillusall.com/assets/articles/ai-alignment-problem-explained-1600x900.webp,https://couldaikillusall.com/assets/articles/ai-alignment-problem-explained-1600x900.webp,https://couldaikillusall.com/assets/articles/ai-alignment-problem-explained-1200x1200.webp|https://couldaikillusall.com/assets/articles/ai-alignment-problem-explained-1200x900.webp|https://couldaikillusall.com/assets/articles/ai-alignment-problem-explained-1600x900.webp,/assets/articles/ai-alignment-problem-explained-1600x900.webp,"A human compass and an artificial intelligence network aligning along the same luminous path, illustrating the AI alignment problem.",
/articles/autonomous-weapons-ai-war.html,https://couldaikillusall.com/articles/autonomous-weapons-ai-war,https://couldaikillusall.com/assets/articles/autonomous-weapons-ai-war-1600x900.webp,https://couldaikillusall.com/assets/articles/autonomous-weapons-ai-war-1600x900.webp,https://couldaikillusall.com/assets/articles/autonomous-weapons-ai-war-1600x900.webp,https://couldaikillusall.com/assets/articles/autonomous-weapons-ai-war-1200x1200.webp|https://couldaikillusall.com/assets/articles/autonomous-weapons-ai-war-1200x900.webp|https://couldaikillusall.com/assets/articles/autonomous-weapons-ai-war-1600x900.webp,/assets/articles/autonomous-weapons-ai-war-1600x900.webp,"Abstract unmanned systems and a human decision node separated by a bright control boundary, representing military AI and meaningful human oversight.",
/articles/can-ai-become-uncontrollable.html,https://couldaikillusall.com/articles/can-ai-become-uncontrollable,https://couldaikillusall.com/assets/articles/can-ai-become-uncontrollable-1600x900.webp,https://couldaikillusall.com/assets/articles/can-ai-become-uncontrollable-1600x900.webp,https://couldaikillusall.com/assets/articles/can-ai-become-uncontrollable-1600x900.webp,https://couldaikillusall.com/assets/articles/can-ai-become-uncontrollable-1200x1200.webp|https://couldaikillusall.com/assets/articles/can-ai-become-uncontrollable-1200x900.webp|https://couldaikillusall.com/assets/articles/can-ai-become-uncontrollable-1600x900.webp,/assets/articles/can-ai-become-uncontrollable-1600x900.webp,"An abstract AI core inside concentric containment rings with one pathway testing the boundary, illustrating control and oversight rather than a literal escaped machine.",
/articles/humanoid-robots-risk-safety.html,https://couldaikillusall.com/articles/humanoid-robots-risk-safety,https://couldaikillusall.com/assets/articles/humanoid-robots-risk-safety-1600x900.webp,https://couldaikillusall.com/assets/articles/humanoid-robots-risk-safety-1600x900.webp,https://couldaikillusall.com/assets/articles/humanoid-robots-risk-safety-1600x900.webp,https://couldaikillusall.com/assets/articles/humanoid-robots-risk-safety-1200x1200.webp|https://couldaikillusall.com/assets/articles/humanoid-robots-risk-safety-1200x900.webp|https://couldaikillusall.com/assets/articles/humanoid-robots-risk-safety-1600x900.webp,/assets/articles/humanoid-robots-risk-safety-1600x900.webp,"A humanoid robot and a human standing in a modern city with visible safety boundaries and permission zones, representing embodied AI oversight.",
/articles/ai-cyberattacks-critical-infrastructure.html,https://couldaikillusall.com/articles/ai-cyberattacks-critical-infrastructure,https://couldaikillusall.com/assets/articles/ai-cyberattacks-critical-infrastructure-1600x900.webp,https://couldaikillusall.com/assets/articles/ai-cyberattacks-critical-infrastructure-1600x900.webp,https://couldaikillusall.com/assets/articles/ai-cyberattacks-critical-infrastructure-1600x900.webp,https://couldaikillusall.com/assets/articles/ai-cyberattacks-critical-infrastructure-1200x1200.webp|https://couldaikillusall.com/assets/articles/ai-cyberattacks-critical-infrastructure-1200x900.webp|https://couldaikillusall.com/assets/articles/ai-cyberattacks-critical-infrastructure-1600x900.webp,/assets/articles/ai-cyberattacks-critical-infrastructure-1600x900.webp,A digital city and critical infrastructure network protected by a luminous shield while an AI-driven cyber signal probes the perimeter.,
/articles/agi-vs-superintelligence-risks.html,https://couldaikillusall.com/articles/agi-vs-superintelligence-risks,https://couldaikillusall.com/assets/articles/agi-vs-superintelligence-risks-1600x900.webp,https://couldaikillusall.com/assets/articles/agi-vs-superintelligence-risks-1600x900.webp,https://couldaikillusall.com/assets/articles/agi-vs-superintelligence-risks-1600x900.webp,https://couldaikillusall.com/assets/articles/agi-vs-superintelligence-risks-1200x1200.webp|https://couldaikillusall.com/assets/articles/agi-vs-superintelligence-risks-1200x900.webp|https://couldaikillusall.com/assets/articles/agi-vs-superintelligence-risks-1600x900.webp,/assets/articles/agi-vs-superintelligence-risks-1600x900.webp,"Layered intelligence levels rising from narrow tools to a luminous network above a human skyline, representing AGI and superintelligence as capability thresholds.",
/articles/will-ai-kill-us-within-10-years.html,https://couldaikillusall.com/articles/will-ai-kill-us-within-10-years,https://couldaikillusall.com/assets/articles/will-ai-kill-us-within-10-years-1600x900.webp,https://couldaikillusall.com/assets/articles/will-ai-kill-us-within-10-years-1600x900.webp,https://couldaikillusall.com/assets/articles/will-ai-kill-us-within-10-years-1600x900.webp,https://couldaikillusall.com/assets/articles/will-ai-kill-us-within-10-years-1200x1200.webp|https://couldaikillusall.com/assets/articles/will-ai-kill-us-within-10-years-1200x900.webp|https://couldaikillusall.com/assets/articles/will-ai-kill-us-within-10-years-1600x900.webp,/assets/articles/will-ai-kill-us-within-10-years-1600x900.webp,"A decade timeline beside a glowing AI system and Earth, designed as an editorial illustration of uncertainty rather than a countdown prediction.",
